Workbook

Sheet Entry
A1: A.I.R.A. Scorebook: enter XP here
A2: Levels completed so far (0-8) | C2: 0 | D2: Type the number of levels finished. The Display sheet unlocks one VERIFIED letter per level.
A3: Type in the blue cells only. Boss Challenge: 0-50 (Level 7: 0-100). Style points: 0-10. Side bonus = races, Example Rush, Press Conference topics. Totals and ranks calculate themselves.
A5: Ex | B5: Blue Falcons | C5: 45 | D5: 50 | E5: 40 | F5: 50 | G5: 0 | H5: 0 | I5: 0 | J5: 0 | K5: 8 | L5: 9 | M5: 7 | N5: 10 | O5: 0 | P5: 0 | Q5: 0 | R5: 0 | S5: 15 | T5: 0 | U5: =SUM(C5:R5)+S5+T5 -> 234
A6: # | B6: Squad codename | C6: L1 Boss | D6: L2 Boss | E6: L3 Boss | F6: L4 Boss | G6: L5 Boss | H6: L6 Boss | I6: L7 Boss | J6: L8 Boss | K6: L1 Style | L6: L2 Style | M6: L3 Style | N6: L4 Style | O6: L5 Style | P6: L6 Style | Q6: L7 Style | R6: L8 Style | S6: Side bonus | T6: Code-word bonus | U6: TOTAL XP | V6: Rank key
A7: 1 | B7: Squad 1 | U7: =SUM(C7:R7)+S7+T7 -> 0 | V7: =U7-A7/1000 -> -0.001
A8: 2 | B8: Squad 2 | U8: =SUM(C8:R8)+S8+T8 -> 0 | V8: =U8-A8/1000 -> -0.002
A9: 3 | B9: Squad 3 | U9: =SUM(C9:R9)+S9+T9 -> 0 | V9: =U9-A9/1000 -> -0.003
A10: 4 | B10: Squad 4 | U10: =SUM(C10:R10)+S10+T10 -> 0 | V10: =U10-A10/1000 -> -0.004
B11: Class total XP | U11: =SUM(U7:U10) -> 0

Sheet Display
A1: A.I.R.A. SCOREBOARD | F1: Select A1:D11, Copy, then Paste as Picture onto the Scoreboard slide.
A2: ="ACCESS CODE: "&IF(Entry!$C$2>=1,MID("VERIFIED",1,1),"_")&" "&IF(Entry!$C$2>=2,MID("VERIFIED",2,1),"_")&" "&IF(Entry!$C$2>=3,MID("VERIFIED",3,1),"_")&" "&IF(Entry!$C$2>=4,MID("VERIFIED",4,1),"_")&" "&IF(Entry!$C$2>=5,MID("VERIFIED",5,1),"_")&" "&IF(Entry!$C$2>=6,MID("VERIFIED",6,1),"_")&" "&IF(Entry!$C$2>=7,MID("VERIFIED",7,1),"_")&" "&IF(Entry!$C$2>=8,MID("VERIFIED",8,1),"_") -> ACCESS CODE: _ _ _ _ _ _ _ _
A3: ="Mission "&Entry!$C$2&" of 8 complete" -> Mission 0 of 8 complete
A5: RANK | B5: SQUAD | C5: XP
A6: 1 | B6: =INDEX(Entry!$B$7:$B$10,MATCH(LARGE(Entry!$V$7:$V$10,1),Entry!$V$7:$V$10,0)) -> Squad 1 | C6: =INDEX(Entry!$U$7:$U$10,MATCH(LARGE(Entry!$V$7:$V$10,1),Entry!$V$7:$V$10,0)) -> 0
A7: 2 | B7: =INDEX(Entry!$B$7:$B$10,MATCH(LARGE(Entry!$V$7:$V$10,2),Entry!$V$7:$V$10,0)) -> Squad 2 | C7: =INDEX(Entry!$U$7:$U$10,MATCH(LARGE(Entry!$V$7:$V$10,2),Entry!$V$7:$V$10,0)) -> 0
A8: 3 | B8: =INDEX(Entry!$B$7:$B$10,MATCH(LARGE(Entry!$V$7:$V$10,3),Entry!$V$7:$V$10,0)) -> Squad 3 | C8: =INDEX(Entry!$U$7:$U$10,MATCH(LARGE(Entry!$V$7:$V$10,3),Entry!$V$7:$V$10,0)) -> 0
A9: 4 | B9: =INDEX(Entry!$B$7:$B$10,MATCH(LARGE(Entry!$V$7:$V$10,4),Entry!$V$7:$V$10,0)) -> Squad 4 | C9: =INDEX(Entry!$U$7:$U$10,MATCH(LARGE(Entry!$V$7:$V$10,4),Entry!$V$7:$V$10,0)) -> 0
A11: Verify what AI tells you.

Sheet Roster
A1: Advancement roster and sign-off tracker (counselor only)
A2: Type an X (or initials) when you initial that scout's Passport for the level. Use first name and last initial only.
A3: EXAMPLE (not counted)
A4: Scout | B4: Squad | C4: L1 Req 1 | D4: L2 Req 2 | E4: L3 Req 3 | F4: L4 Req 4 | G4: L5 Req 5 | H4: L6 Req 6 | I4: L7 Req 7(a) | J4: L8 Req 8(b) | K4: Levels signed | L4: Status | M4: Notes / make-up needed
A5: Sam T. | B5: Blue Falcons | C5: X | D5: X | E5: X | F5: X | G5: X | H5: X | K5: =COUNTA(C5:J5)-COUNTIF(C5:J5,"") -> 4 | L5: =IF(K5=8,"Complete",IF(K5=0,"Not started","In progress")) -> In progress | M5: Absent for Level 7: email screenshot and reflection
K6: =COUNTA(C6:J6)-COUNTIF(C6:J6,"") -> -8 | L6: =IF(A6="","",IF(K6=8,"Complete",IF(K6=0,"Not started","In progress")))
K7: =COUNTA(C7:J7)-COUNTIF(C7:J7,"") -> -8 | L7: =IF(A7="","",IF(K7=8,"Complete",IF(K7=0,"Not started","In progress")))
K8: =COUNTA(C8:J8)-COUNTIF(C8:J8,"") -> -8 | L8: =IF(A8="","",IF(K8=8,"Complete",IF(K8=0,"Not started","In progress")))
K9: =COUNTA(C9:J9)-COUNTIF(C9:J9,"") -> -8 | L9: =IF(A9="","",IF(K9=8,"Complete",IF(K9=0,"Not started","In progress")))
K10: =COUNTA(C10:J10)-COUNTIF(C10:J10,"") -> -8 | L10: =IF(A10="","",IF(K10=8,"Complete",IF(K10=0,"Not started","In progress")))
K11: =COUNTA(C11:J11)-COUNTIF(C11:J11,"") -> -8 | L11: =IF(A11="","",IF(K11=8,"Complete",IF(K11=0,"Not started","In progress")))
K12: =COUNTA(C12:J12)-COUNTIF(C12:J12,"") -> -8 | L12: =IF(A12="","",IF(K12=8,"Complete",IF(K12=0,"Not started","In progress")))
K13: =COUNTA(C13:J13)-COUNTIF(C13:J13,"") -> -8 | L13: =IF(A13="","",IF(K13=8,"Complete",IF(K13=0,"Not started","In progress")))
K14: =COUNTA(C14:J14)-COUNTIF(C14:J14,"") -> -8 | L14: =IF(A14="","",IF(K14=8,"Complete",IF(K14=0,"Not started","In progress")))
K15: =COUNTA(C15:J15)-COUNTIF(C15:J15,"") -> -8 | L15: =IF(A15="","",IF(K15=8,"Complete",IF(K15=0,"Not started","In progress")))
K16: =COUNTA(C16:J16)-COUNTIF(C16:J16,"") -> -8 | L16: =IF(A16="","",IF(K16=8,"Complete",IF(K16=0,"Not started","In progress")))
K17: =COUNTA(C17:J17)-COUNTIF(C17:J17,"") -> -8 | L17: =IF(A17="","",IF(K17=8,"Complete",IF(K17=0,"Not started","In progress")))
... K25: =COUNTA(C25:J25)-COUNTIF(C25:J25,"") -> -8 | L25: =IF(A25="","",IF(K25=8,"Complete",IF(K25=0,"Not started","In progress")))
A26: Scouts complete | K26: =COUNTIF(L6:L25,"Complete") -> 0
A27: Scouts enrolled | K27: =COUNTA(A6:A25) -> 0

Sheet Key
A1: Scoring key and assumptions
A3: Item | B3: Value | C3: Source / note
A4: Boss Challenge max, Levels 1-6 and 8 | B4: 50 | C4: From your design: each level ends with a 50 XP Boss Challenge.
A5: Boss Challenge max, Level 7 | B5: 100 | C5: From your design: Level 7 is worth up to 100 XP.
A6: Style points max per level | B6: 10 | C6: From your design: up to 10 per level.
A7: Code-word bonus (first squad) | B7: 10 | C7: From your design: first squad to say VERIFIED earns 10 XP.
A8: Press Conference XP per required topic | B8: 5 | C8: From slide 44: each required topic covered earns 5 XP (7 topics, 35 XP max). Enter in Side bonus.
A9: Levels in the game | B9: 8 | C9: Eight missions, one VERIFIED letter each.
A11: Assumptions to confirm
A12: Side bonuses (Example Rush, Level 1 worksheet race, milestone-card race, Press Conference topics) are entered as one number per squad in the Entry sheet's Side bonus column. Point values for the races are not set in the deck, so decide them in class.
A13: Entry cell limits (50 / 100 / 10) are enforced by data validation using the values above typed in directly. If you change a value here, update the validation on the Entry sheet too.
A14: Ties on the Display sheet are broken by squad order (Squad 1 ranks above Squad 2 when totals are equal). Tell the room if a tie matters.
A15: Blue text = cells you type in. Black = formulas. Pale yellow fill = main data-entry cells.
