Workbook

Sheet Scoreboard
A1: Cyber Lodge Cup: Scorekeeper
A2: How to use: type each lodge's name in the yellow header cells. After each activity, type the points that lodge earned in that row. Totals, ranks and the Leaderboard tab update on their own. The sample points in the Line of Oaths row show the format; clear them before class. Delete the names of any unused lodges so they drop off the Leaderboard. Scoring ranges come from the class deck notes.
A4: Activity | B4: Class time | C4: How points are earned | D4: Lodge 1 | E4: Lodge 2 | F4: Lodge 3 | G4: Lodge 4 | H4: Lodge 5 | I4: Lodge 6
A5: Line of Oaths | B5: 0:02 | C5: +1 per Warden who gives a clear reason; +1 teamwork | D5: 3 | E5: 2 | F5: 4 | G5: 1
A6: Hunt for Hidden Doors | B6: 0:06 | C6: +2 first lodge to show the setting; +1 other lodges within 30 sec
A7: Three Pillars trial | B7: 0:22 | C7: +1 per Warden in the right corner
A8: Locked Vault | B8: 0:33 | C8: +2 restore from backup; +1 ask for help; 0 pay
A9: Wireshark demo | B9: 0:39 | C9: +1 for explaining the difference; +2 catching your mistake
A10: Masked Messengers | B10: 0:48 | C10: +1 per right call; +1 for naming the clue
A11: Count the Open Gates | B11: 0:55 | C11: +2 first bingo; +1 each extra bingo
A12: Herald Dispatch | B12: 0:57 | C12: +2 winning reporter; +1 correct cause
A13: Passphrase Forge | B13: 1:23 | C13: +2 longest random passphrase; +1 names a password rule
A14: Two-Key Rite (MFA) | B14: 1:28 | C14: +2 first lodge fully verified; +1 second
A15: Shadow Watch | B15: 1:37 | C15: +1 per clue answered first
A16: Sealed Scroll match-up | B16: 1:41 | C16: +1 per correct pair and type
A17: Hashing: Press the Seal | B17: 2:02 | C17: +2 worksheet complete; +3 first to find the tampered document; +1 each other lodge; +1 hash vs encryption
... A20: Bonus: teamwork and catch-up | B20: any time | C20: Instructor's choice. Use a small bonus to help a lodge that is far behind
A21: TOTAL | D21: =IF(D$4="","",SUM(D5:D20)) -> 3 | E21: =IF(E$4="","",SUM(E5:E20)) -> 2 | F21: =IF(F$4="","",SUM(F5:F20)) -> 4 | G21: =IF(G$4="","",SUM(G5:G20)) -> 1 | H21: =IF(H$4="","",SUM(H5:H20)) -> 0 | I21: =IF(I$4="","",SUM(I5:I20)) -> 0
A22: Rank | D22: =IF(D$4="","",RANK(D21,$D21:$I21)) -> 2 | E22: =IF(E$4="","",RANK(E21,$D21:$I21)) -> 3 | F22: =IF(F$4="","",RANK(F21,$D21:$I21)) -> 1 | G22: =IF(G$4="","",RANK(G21,$D21:$I21)) -> 4 | H22: =IF(H$4="","",RANK(H21,$D21:$I21)) -> 5 | I22: =IF(I$4="","",RANK(I21,$D21:$I21)) -> 5
A23: Tie-break helper (do not edit) | D23: =IF(D$4="","",D21+(7-COLUMNS($D4:D4))/100) -> 3.06 | E23: =IF(E$4="","",E21+(7-COLUMNS($D4:E4))/100) -> 2.05 | F23: =IF(F$4="","",F21+(7-COLUMNS($D4:F4))/100) -> 4.04 | G23: =IF(G$4="","",G21+(7-COLUMNS($D4:G4))/100) -> 1.03 | H23: =IF(H$4="","",H21+(7-COLUMNS($D4:H4))/100) -> 0.02 | I23: =IF(I$4="","",I21+(7-COLUMNS($D4:I4))/100) -> 0.01

Sheet Leaderboard
A1: CYBER PATROL CUP
A2: Live standings. Put this tab on the projector between activities. Ties show in column order; settle a tie with a bonus question.
A4: Place | B4: Lodge | C4: Points
A5: 1st | B5: =IFERROR(INDEX(Scoreboard!$D$4:$I$4,MATCH(LARGE(Scoreboard!$D$23:$I$23,1),Scoreboard!$D$23:$I$23,0)),"") -> Lodge 3 | C5: =IFERROR(INT(LARGE(Scoreboard!$D$23:$I$23,1)),"") -> 4
A6: 2nd | B6: =IFERROR(INDEX(Scoreboard!$D$4:$I$4,MATCH(LARGE(Scoreboard!$D$23:$I$23,2),Scoreboard!$D$23:$I$23,0)),"") -> Lodge 1 | C6: =IFERROR(INT(LARGE(Scoreboard!$D$23:$I$23,2)),"") -> 3
A7: 3rd | B7: =IFERROR(INDEX(Scoreboard!$D$4:$I$4,MATCH(LARGE(Scoreboard!$D$23:$I$23,3),Scoreboard!$D$23:$I$23,0)),"") -> Lodge 2 | C7: =IFERROR(INT(LARGE(Scoreboard!$D$23:$I$23,3)),"") -> 2
A8: 4th | B8: =IFERROR(INDEX(Scoreboard!$D$4:$I$4,MATCH(LARGE(Scoreboard!$D$23:$I$23,4),Scoreboard!$D$23:$I$23,0)),"") -> Lodge 4 | C8: =IFERROR(INT(LARGE(Scoreboard!$D$23:$I$23,4)),"") -> 1
A9: 5th | B9: =IFERROR(INDEX(Scoreboard!$D$4:$I$4,MATCH(LARGE(Scoreboard!$D$23:$I$23,5),Scoreboard!$D$23:$I$23,0)),"") -> Lodge 5 | C9: =IFERROR(INT(LARGE(Scoreboard!$D$23:$I$23,5)),"") -> 0
A10: 6th | B10: =IFERROR(INDEX(Scoreboard!$D$4:$I$4,MATCH(LARGE(Scoreboard!$D$23:$I$23,6),Scoreboard!$D$23:$I$23,0)),"") -> Lodge 6 | C10: =IFERROR(INT(LARGE(Scoreboard!$D$23:$I$23,6)),"") -> 0

Sheet Prizes
A1: Prizes and awards
A2: Assumption: planning for 25 Wardens in 6 lodges of 4-5 (you expect up to 20, so this leaves spare). Change the yellow cells in column B (Wardens) and the quantities and unit costs; all costs are rough estimates, not quotes. Everyone leaves with something, and the trophy passes between lodges.
A4: Wardens in class | B4: 25
A5: Wardens in the winning lodge | B5: 5
A7: Award | B7: Goes to | C7: Prize idea | D7: Quantity | E7: Unit cost ($, est.) | F7: Total ($) | G7: Notes
A8: Cyber Lodge Cup | B8: Winning lodge | C8: DIY padlock trophy: a spray-painted padlock on a wood block. It stays with the winning lodge until the next meeting | D8: 1 | E8: 6 | F8: =D8*E8 -> 6 | G8: Reusable. Add a small plaque or label for each winning lodge
A9: Cup winners | B9: Each Warden in the winning lodge | C9: Small prize each, such as a mini padlock keychain or a lanyard | D9: =B5 -> 5 | E9: 1.5 | F9: =D9*E9 -> 7.5 | G9: Keep it small and equal
A10: Participation | B10: Every Warden | C10: Cyber sticker or temporary tattoo | D10: =B4 -> 25 | E10: 0.5 | F10: =D10*E10 -> 12.5 | G10: Everyone gets one at the end
A11: Phish Finder | B11: Best phish spotter | C11: Certificate and a small item | D11: 1 | E11: 1.5 | F11: =D11*E11 -> 1.5 | G11: From Masked Messengers
A12: Top Detective | B12: First to find the tampered document | C12: Certificate and a small item | D12: 1 | E12: 1.5 | F12: =D12*E12 -> 1.5 | G12: From Hashing: Spot the Forgery
A13: Top Defender | B13: Highest Cyber Threat Defender score | C13: Certificate and a small item | D13: 1 | E13: 1.5 | F13: =D13*E13 -> 1.5 | G13: From Cyber Threat Defender
A14: Teamwork Award | B14: Most helpful lodge | C14: Certificate and a small item | D14: 1 | E14: 1.5 | F14: =D14*E14 -> 1.5 | G14: Awarded for helping others
A15: Password Pro | B15: Strongest passphrase | C15: Certificate and a small item | D15: 1 | E15: 1.5 | F15: =D15*E15 -> 1.5 | G15: From Passphrase Forge
E16: Estimated total | F16: =SUM(F8:F15) -> 33.5
